naukri_family,our_family,n,example_titles
Software Development,IT Infra & Support,833,Devops Engineer | System Administrator | Linux Administrator | Technical Support Engineer | Senior Devops Engineer
Software Development,Strategy & Consulting,819,Project Manager | Business Analyst | Product Manager | Program Manager | Associate Consultant
Software Development,Data & Analytics,627,Big Data Developer | System Analyst | Data Scientist | Tableau Developer | Data Engineer
Software Development,ERP / Enterprise Apps,605,SAP ABAP Consultant | Servicenow Developer | SAP SD Consultant | SAP FICO Consultant | MS Dynamics CRM Developer
Sales & BD,Marketing,527,Marketing Executive | Sales & Marketing | Executive Sales & Marketing | Sales & Marketing Executive | Marketing Executives
Customer Service / BPO,Sales & BD,435,Tele Caller | Telecaller | Inbound Tech Sales | Female Telecaller | Need Telecallers For International BPO/ Domestic Call Center -freshers
Sales & BD,Banking & Financial Services,402,Relationship Manager | Branch Manager | BRANCH MANAGER | Wealth Manager | Collection Executive
Software Development,QA & Testing,324,QA Engineer | Software Test Engineer | Test Engineer | Automation Test Engineer | Software Development Engineer in Test
Customer Service / BPO,IT Infra & Support,268,Technical Support Associate | Technical Support Executive | Technical Support | Technical Support Engineer | Technical Support Engineer For Accenture Through Artech (freshers)
Software Development,Office Admin & Data Entry,251,Chief Technology Officer | Lead Administrator Windows Infrastructure | SCCM Administrator | Wintel Admin | Chief Technology Officer - Startup
Software Development,Design & Creative,246,UI/UX Designer | UX Designer | UI Designer | Graphic Designer | UI / UX Designer
Software Development,Marketing,219,SEO Executive | SEO | Sr. SEO Executive | SEO Specialist | SEO Expert
Customer Service / BPO,Data & Analytics,189,Quality Analyst | MIS Executive | Data Analyst | Analyst | Junior Analyst
HR & Recruitment,Office Admin & Data Entry,159,Admin Executive | Administration Executive | Administration Assistant | Admin Assistant | Administrative Assistant
Customer Service / BPO,Banking & Financial Services,157,Collection Executive | Relationship Manager | Phone Banking Officer | Tower and Boom Projects Manager Collections and Commercial | Client Relationship Manager
Software Development,Construction & Site Engg,155,Architect | Mobile Architect | Infrastructure Architect | Development Architect | L3 VPN/MPLS Architect/Sr.Architect
Banking & Financial Services,Sales & BD,153,Business Development Manager | Sales Executive | Business Development Executive | Sales Manager | Corporate Sales
Data & Analytics,IT Infra & Support,143,Oracle DBA | Database Administrator | Oracle Apps DBA | SQL DBA | Oracle DBA Consultant
Data & Analytics,Software Development,142,Teradata Developer | Software Engineer | Senior Software Engineer | Learning Developer Courseware Tools - SABA LMS | SQL Developer
Software Development,Manufacturing & Core Engg,138,Physical Design Engineer | Design Engineer | Data/Research Analyst | IGM Manager R&D IT | Analog Design Engineer
ERP / Enterprise Apps,Strategy & Consulting,126,Consultant | Senior Consultant | Functional Consultant | Principal Consultant | ERP Functional Consultant
Construction & Site Engg,Manufacturing & Core Engg,124,Electrical Engineer | Mechanical Engineer | Fresher/ Diploma/graduate/electrical Engineer | Multi Skilled Technician | Mechanical Engineer / Diploma- Freshers Also Apply
Banking & Financial Services,Accounting & Finance,115,Equity Advisor | Equity Advisor- HNI | Equity Research Analyst | Accounts Manager | UNIT MANAGER - INVESTMENT
Customer Service / BPO,Accounting & Finance,114,AR Caller | Hiring for (account Receivable)-bangalore | Accounts Payable and Receivable | Accounts Payable Manager | Trade Finance - Operations for Bangalore Location
Marketing,Sales & BD,110,Business Development Manager | Business Development Executive | Client Servicing Executive | Client Servicing Manager | INSIGHT CONSULTANT - GLOBAL MR (QUANTITATIVE)
Manufacturing & Core Engg,QA & Testing,108,Quality Control Manager / Quality Assurance Manager | Quality Assurance : Manager / Deputy Manager | Head Quality Assurance | Officer - Quality Assurance | QA / QC Engineers
Data & Analytics,Strategy & Consulting,104,Business Analyst | Senior Business Analyst | Consultant | Lead Consultant | Sr. Business Analyst (5-10yrs)
Healthcare & Pharma,Manufacturing & Core Engg,93,Junior Research Fellow | OT Technician | Research Scientist | Walk-ins for Production Department on 02.04.2016 | Research Associate / Jr.research Associate _ CRO
Software Development,Content & Media,92,Technical Writer | Content Writer | Senior Technical Writer | Technical Content Writer | Technical Web Content writer
Sales & BD,Software Development,91,Business Developer | Software Sales Executive | Sales Role - Educational Software | Java Developer | Software Sales and Alliances Manager
Customer Service / BPO,Marketing,90,Tele Marketing Executive | Telemarketing Executive | TELE-MARKETING EXECUTIVE | SEO Consultant (OL/SEO/Con) | Telemarketing Executives
Marketing,Strategy & Consulting,86,Product Manager | Group Product Manager | Project Manager | CMO - Data Driven - Strategy & Operations | Strategy / Experience Strategist
Customer Service / BPO,HR & Recruitment,81,Information Management - Country Business Partner | Senior Technical Recruiter (US Staffing) | Payroll Administrator / Payroll Associate | Senior IT Recruiter | HR Tech Support Associate
HR & Recruitment,Sales & BD,79,"Bench Sales Recruiter | Business Development Manager | Immediate Openings for Bench Sales Recruiter for Bangalor | Assistant Manager,hr-generalist ,Top Retail Firm,7411909767,9686288924 | Recruiters/business Development Managers US Recruitment - Healthcare"
IT Infra & Support,Office Admin & Data Entry,79,Systems Administrator | Storage Administrator | Lead Administrator Unix Infrastructure | Citrix Admin | Avamar Backup Administration
Construction & Site Engg,Strategy & Consulting,78,Project Manager | Project Management | Project Managers | Senior Manager Project Management | Senior Project Manager
Construction & Site Engg,Design & Creative,77,Interior Designer | Architect & Interior Designer | Interior Project Manager | INTERIOR DESIGNER | Architect /draughtsman/interior Designer/trainee
Customer Service / BPO,Office Admin & Data Entry,76,DATA ENTRY | Senior Officer | Data Entry Operator | Administrator - EUS | Walkin Data Entry Operator (night Shift)
Sales & BD,Customer Service / BPO,75,Customer Care Executive | Telecalling Executive | Customer Support Engineer | Manager/ Assistant Manager - Customer Service | Manager/Assistant Manager - Customer Service
Accounting & Finance,Banking & Financial Services,71,ACCOUNT OFFICER - INSURANCE | Credit Control Executive | Branch Accountant | Manager Credit Control | Bank Jobs in India for Freshers
Customer Service / BPO,Teaching & Training,67,Admission Support Officer(tele Counselor) | Process Trainer | Process Trainer Mumbai | Trainer | Process Trainer/senior Associate at 3i Infotech Hyderabad
ERP / Enterprise Apps,Software Development,67,Salesforce Developer | CRM Developer | Senior Software Developer | Immediate Opportunity | Dot Net Developers | EY | Bangalore | Siebel Developer
Accounting & Finance,Legal,65,Company Secretary | Compliance Analyst | Asst Company Secretary(semi Qualified CS are Eligible) | IFMR - Company Secretary | Company Secretary Chennai
Software Development,Sales & BD,65,Business Development Executive | Account Manager | Business Development Manager | Immediate Joinee for WAS for top Retail Domain in Bangalore | Sr. Executive - Solutions & IT - Retail Division
Accounting & Finance,Sales & BD,61,Account Manager | Area Sales Incharge | Accounts & Finance Executive/store Accountant in a Retail Industry | Account Manager/ Sr Account Manager | Corporate Sales Tax Incharge
Marketing,Content & Media,59,Copywriter | Copy Writer | Content Writer | SENIOR COPY WRITER | Copywriter / Content Writer / Copy Editor for Advertising Industries
Sales & BD,Design & Creative,59,"Floor Manager - Retail Sales - Apparel | Fashion Consultant | Associate - Retail Sales - Apparel | BDM from Furniture, Interior Desig call Hyderabad 8904440505/0606 | User Experience Designer"
Customer Service / BPO,Healthcare & Pharma,58,Medical Coding- Join Today For A Better Tomorrow- Whatsapp@ 9789004777 | Medical Coding Transcription - We Will Help You Out - Wtsap 9789004777 | Medical Coding | Medical Coding Jobs- Multiple Location Choices- Whatsapp @ 09789004777 | Medical Coding Transcription- TO BE Honest YOU CAN DO Transcription
Accounting & Finance,Data & Analytics,56,"Analyst | Sr.Executive, Revenue Analyst | BlackRock - Analyst - Financial Market Advisory | Onboarding Analyst | Implementation Executive (process Analyst)"
Banking & Financial Services,Data & Analytics,55,Risk Analyst | Senior Analyst | Financial Crime Data Analyst_8+yrs of Exp_top IT Company | Credit Analytics (2-4 Years) (chennai) | Sr. Fundamental Analyst
Manufacturing & Core Engg,Construction & Site Engg,55,Civil AutoCad | Hiring for Estimation & Costing | A Leading Pharma Company Looking for HVAC Techncian | Civil/ Structural Engineer | Proposal Engineer - Civil & E&I
IT Infra & Support,Software Development,54,Physical Design Engineer (semiconductor and Vlsi) | VLSI Senior Engineer/ Principal Engineer/ Senior Staff Design Engineer | RTL Design Engineer | ASIC Physical Design Engineer | Firmware Engineer
IT Infra & Support,Manufacturing & Core Engg,53,Field Engineer | Technician | Hardware Circuit Design Engineer | Service Engineer | Hardware Design Engineer
Customer Service / BPO,Strategy & Consulting,53,CB - Business Analyst - Team Leader | Project Manager | Program Manager | Consultant | Principal Consultant - Quality
Customer Service / BPO,Software Development,48,Software Developer | Product Support Engineer - Software ITES BPO | UI Developer | RPA Developer | Salesforce Engineer
Hospitality,Sales & BD,45,Sales Executive | Business Development Manager | Travel Sales Consultant | Sales Manager / Assistant Sales Manager | Tour Sales Consultant- Outbound - Travel MNC - Delhi & Jalandhar
Software Development,Customer Service / BPO,42,Customer Support Executive | Customer Advocacy Engineer | Project Manager - Customer Experience/ Process Improvement - Ecommerce | Program Manager (Non IT / Non Tech) - Customer Returns - Ecommerce MNC | Voice Engineer-hyderabad-permanent-apply who can join in max 20 days
Sales & BD,Accounting & Finance,41,Account Representative | Billing Executive | Business Partner (account Director) | Relationship Executive- Key Existing Accounts | Regional Product Manager Investment | Bangalore
Software Development,HR & Recruitment,41,HR Recruiter | IT Recruiter | HR Consultant | US IT Recruiter | Payroll END USER
Data & Analytics,ERP / Enterprise Apps,41,Technical Consultant - Oracle SOA | Oracle Fusion - HCM Functional Consultant | Oracle Apps Technical tech lead | Oracle Identity Manager Consultant | Oracle Admin Lead
