title,n
application lead,1145
application support engineer,187
technical lead - l1,124
application designer,111
application tech support practitioner,102
security architect,92
assistant manager,78
manager,70
technical lead,68
team lead,59
solution architect,53
record to report ops associate,51
operations manager,51
associate,50
data architect,47
operations executive,43
senior associate,39
infra tech support practitioner,39
executive,39
area manager,38
project coordinator,37
project engineer,37
solution architect - l1,35
senior manager,32
business manager,31
engineering manager,31
deputy manager,30
senior executive,30
data platform engineer,29
engineer,29
technical architect,29
senior engineer,29
tech lead,28
security engineer,27
technology consulting practitioner,27
delivery operations team lead,27
it executive,26
management trainee,26
order to cash operations associate,25
store executive,25
tech delivery subject matter expert,24
automation engineer,23
tender executive,22
computer operator,21
lead generation executive,21
order to cash operations new associate,21
i&f decision sci practitioner specialist,21
planning engineer,21
delivery lead manager,21
advanced application engineer,21
regional manager,21
delivery operations associate manager,20
quality manager,20
technology support engineer,20
area business manager,19
intern,19
team leader,18
crm executive,18
security delivery lead,17
center manager,17
store incharge,17
it manager,16
omni sport advisor,15
merchandiser,15
associate agency development manager,15
e commerce manager,14
field executive,14
app dev & support engineer iii,14
lead engineer,14
data modeler,14
principal engineer,14
supervisor,14
quality executive,13
associate director,13
integration engineer,13
designer,13
system engineer,13
instructional designer,13
optometrist,13
structural engineer,13
senior backend engineer,13
trainee,13
client acquisition executive,13
technical lead - lead,12
assistant operations manager,12
business transformation assoc manager,12
general manager,12
technical manager,12
business executive,12
associate process manager,12
e commerce executive,12
agency manager,12
specialist,11
draughtsman,11
surveyor,11
business process designer,11
sr. executive,11
lead generation specialist,11
enterprise technology architect,11
duty manager,11
project head,11
facility manager,11
apprentice,11
infrastructure engineer,11
proposal engineer,10
operations engineer,10
lead staff engineer - it,10
security guard,10
reservation executive,10
assistant general manager,10
senior-technical lead,10
design manager,10
web designer,10
associate manager,10
technology platform engineer,10
manager - bim,10
facility executive,10
department manager,10
module lead - lead,10
associate tech specialist,10
support engineer,10
associate operations manager,10
security architect - l1,9
app dev & support engineer ii,9
senior engineer - ptd mtbd,9
systems engr ii,9
visual designer,9
quality head,9
business agility practitioner,9
executive - debt management services - rural,9
engineering services practitioner,9
service manager,9
senior operations manager,9
senior security engineer,9
team member,9
engineer ii,9
senior executive - debt management services - consumer,9
product engineer,9
machine operator,9
junior engineer,9
delivery lead senior manager,9
internship,9
sr. engineer,8
performance marketer,8
hiring certified hcc coder,8
business transformation manager,8
e-commerce executive,8
data modeller,8
biomedical engineer,8
senior technical lead,8
business and integration architect,8
bancassurance manager,8
occupational therapist,8
hardware engineer,8
record to report ops assoc manager,8
senior automation engineer,8
mlops engineer,8
process coordinator,8
driver,8
senior engineering manager,8
executives,8
process delivery specialist-talent development optimization processes,8
engineering executive,8
digital content management associate,8
project control services practitioner,8
creative designer,8
learning and development specialist,8
assistant manager - debt management services - sme,8
digital marketer,8
application specialist,8
content creator,7
application support manager,7
application engineer,7
application architect,7
bm leadership program (1st batch starting from 29th oct),7
reliability engineer,7
it service management representative,7
chief engineer,7
transition manager,7
lead assistant manager,7
delivery boy,7
senior relationship executive - gl north west,7
business transformation specialist,7
school principal,7
business interlock associate manager,7
project lead,7
zed bronze surveillance assessor,7
cashier,7
factory manager,7
technology delivery lead,7
integration architect,7
industrial engineer,7
commercial executive,7
slot game producer,7
floor manager,7
head operations,7
director,7
r +sas data programming,6
transport executive,6
hiring hcc coder,6
deputy general manager,6
design lead,6
regulatory document publisher,6
senior executive - debt management services - sme,6
record to report ops new associate,6
beauty advisor/artist beauty advisor,6
safety engineer,6
psychologist,6
senior systems engineer,6
hostess,6
process delivery specialist-record to report,6
vmc operator,6
backend executive,6
tosca automation engineer,6
automation engineer - l4,6
medical reviewer,6
advanced engineer,6
platform engineer,6
cnc machine operator,6
senior principal biostatistician,6
growth manager,6
costing engineer,6
vice president,6
lead associate,6
barista,6
product specialist,6
sr. manager- i - product,6
manager - tech consulting - fs - cns - tc - platforms - hyderabad,6
sound designer for slot games,6
service advisor,6
cinematographer,6
process specialist,6
devsecops engineer,6
planning manager,6
waiter,6
associate-digital product management,6
business advisory associate,5
engineering lead,5
vice principal,5
senior application engineer,5
digital content management specialist,5
i&f decision sci practitioner assoc mgr,5
backend engineer,5
business function implement practitioner,5
enterprise architect,5
graduate engineer trainee,5
dental assistant,5
appian professional,5
medical reviewer device,5
qms engineer,5
pharmaceutical project planning manager,5
car mechanic,5
ocean and air expert,5
process expert,5
service delivery ops associate manager,5
engineering associate,5
captain,5
store supervisor,5
anaplan professional,5
application architect - l1,5
operations associate,5
engineer - quality,5
regulatory submissions publisher,5
it project coordinator,5
autocad draughtsman,5
service coordinator,5
financial planning & analysis representa,5
spa therapist,5
assistant agency manager,5
regional business manager,5
chief of staff,5
capital markets operations associate,5
incident manager,5
caregiver,5
contracts manager,5
food & beverage manager,5
asst. manager,5
financial associate,5
digital mktg advisory specialist,5
bim manager,5
deployment lead,5
scada engineer,5
cluster manager,5
application support specialist,5
patient care coordinator,5
academic coordinator,5
senior structural engineer,5
bim engineer,5
subject matter expert,5
business operations associate,5
it consulting professional,5
credentialing specialist,5
reservations executive,5
noc engineer,5
"senior associate, full-stack engineer",5
team manager,5
performance engineer,5
module lead,5
graduate trainee,5
electronics engineer,5
